Bates20,Bates/Free20/amy20,Bates-Free20-amy20,608.75,Bates/amy20,Bates,Bates/Free20,amy20,1;8.0,NA,merge_age
Bates20,Bates/Free20/betty20,Bates-Free20-betty20,608.75,Bates/betty20,Bates,Bates/Free20,betty20,1;8.0,NA,merge_age
Bates20,Bates/Free20/chuck20,Bates-Free20-chuck20,608.75,Bates/chuck20,Bates,Bates/Free20,chuck20,1;8.0,NA,merge_age
Bates20,Bates/Free20/doug20,Bates-Free20-doug20,608.75,Bates/doug20,Bates,Bates/Free20,doug20,1;8.0,NA,merge_age
Bates20,Bates/Free20/ed20,Bates-Free20-ed20,608.75,Bates/ed20,Bates,Bates/Free20,ed20,1;8.0,NA,merge_age
Bates20,Bates/Free20/frank20,Bates-Free20-frank20,608.75,Bates/frank20,Bates,Bates/Free20,frank20,1;8.0,NA,merge_age
Bates20,Bates/Free20/hank20,Bates-Free20-hank20,608.75,Bates/hank20,Bates,Bates/Free20,hank20,1;8.0,NA,merge_age
Bates20,Bates/Free20/ivy20,Bates-Free20-ivy20,608.75,Bates/ivy20,Bates,Bates/Free20,ivy20,1;8.0,NA,merge_age
Bates20,Bates/Free20/jane20,Bates-Free20-jane20,608.75,Bates/jane20,Bates,Bates/Free20,jane20,1;8.0,NA,merge_age
Bates20,Bates/Free20/jim20,Bates-Free20-jim20,608.75,Bates/jim20,Bates,Bates/Free20,jim20,1;8.0,NA,merge_age
Bates20,Bates/Free20/kathy20,Bates-Free20-kathy20,608.75,Bates/kathy20,Bates,Bates/Free20,kathy20,1;8.0,NA,merge_age
Bates20,Bates/Free20/keith20,Bates-Free20-keith20,608.75,Bates/keith20,Bates,Bates/Free20,keith20,1;8.0,NA,merge_age
Bates20,Bates/Free20/kent20,Bates-Free20-kent20,608.75,Bates/kent20,Bates,Bates/Free20,kent20,1;8.0,NA,merge_age
Bates20,Bates/Free20/linda20,Bates-Free20-linda20,608.75,Bates/linda20,Bates,Bates/Free20,linda20,1;8.0,NA,merge_age
Bates20,Bates/Free20/mandy20,Bates-Free20-mandy20,608.75,Bates/mandy20,Bates,Bates/Free20,mandy20,1;8.0,NA,merge_age
Bates20,Bates/Free20/nan20,Bates-Free20-nan20,608.75,Bates/nan20,Bates,Bates/Free20,nan20,1;8.0,NA,merge_age
Bates20,Bates/Free20/paula20,Bates-Free20-paula20,608.75,Bates/paula20,Bates,Bates/Free20,paula20,1;8.0,NA,merge_age
Bates20,Bates/Free20/pete20,Bates-Free20-pete20,608.75,Bates/pete20,Bates,Bates/Free20,pete20,1;8.0,NA,merge_age
Bates20,Bates/Free20/ruth20,Bates-Free20-ruth20,608.75,Bates/ruth20,Bates,Bates/Free20,ruth20,1;8.0,NA,merge_age
Bates20,Bates/Free20/sue20,Bates-Free20-sue20,608.75,Bates/sue20,Bates,Bates/Free20,sue20,1;8.0,NA,merge_age
Bates20,Bates/Free20/tom20,Bates-Free20-tom20,608.75,Bates/tom20,Bates,Bates/Free20,tom20,1;8.0,NA,merge_age
Bates20,Bates/Free20/vicki20,Bates-Free20-vicki20,608.75,Bates/vicki20,Bates,Bates/Free20,vicki20,1;8.0,NA,merge_age
Bates20,Bates/Free20/wanda20,Bates-Free20-wanda20,608.75,Bates/wanda20,Bates,Bates/Free20,wanda20,1;8.0,NA,merge_age
Bates20,Bates/Free20/will20,Bates-Free20-will20,608.75,Bates/will20,Bates,Bates/Free20,will20,1;8.0,NA,merge_age
Bates20,Bates/Free20/zeke20,Bates-Free20-zeke20,608.75,Bates/zeke20,Bates,Bates/Free20,zeke20,1;8.0,NA,merge_age
Bates28,Bates/Free28/amy28,Bates-Free28-amy28,852.25,Bates/amy28,Bates,Bates/Free28,amy28,2;4.0,NA,merge_age
Bates28,Bates/Free28/betty28,Bates-Free28-betty28,852.25,Bates/betty28,Bates,Bates/Free28,betty28,2;4.0,NA,merge_age
Bates28,Bates/Free28/chuck28,Bates-Free28-chuck28,852.25,Bates/chuck28,Bates,Bates/Free28,chuck28,2;4.0,NA,merge_age
Bates28,Bates/Free28/doug28,Bates-Free28-doug28,852.25,Bates/doug28,Bates,Bates/Free28,doug28,2;4.0,NA,merge_age
Bates28,Bates/Free28/ed28,Bates-Free28-ed28,852.25,Bates/ed28,Bates,Bates/Free28,ed28,2;4.0,NA,merge_age
Bates28,Bates/Free28/frank28,Bates-Free28-frank28,852.25,Bates/frank28,Bates,Bates/Free28,frank28,2;4.0,NA,merge_age
Bates28,Bates/Free28/george28,Bates-Free28-george28,852.25,Bates/george28,Bates,Bates/Free28,george28,2;4.0,NA,merge_age
Bates28,Bates/Free28/gloria28,Bates-Free28-gloria28,852.25,Bates/gloria28,Bates,Bates/Free28,gloria28,2;4.0,NA,merge_age
Bates28,Bates/Free28/hank28,Bates-Free28-hank28,852.25,Bates/hank28,Bates,Bates/Free28,hank28,2;4.0,NA,merge_age
Bates28,Bates/Free28/ivy28,Bates-Free28-ivy28,852.25,Bates/ivy28,Bates,Bates/Free28,ivy28,2;4.0,NA,merge_age
Bates28,Bates/Free28/jane28,Bates-Free28-jane28,852.25,Bates/jane28,Bates,Bates/Free28,jane28,2;4.0,NA,merge_age
Bates28,Bates/Free28/jim28,Bates-Free28-jim28,852.25,Bates/jim28,Bates,Bates/Free28,jim28,2;4.0,NA,merge_age
Bates28,Bates/Free28/kathy28,Bates-Free28-kathy28,852.25,Bates/kathy28,Bates,Bates/Free28,kathy28,2;4.0,NA,merge_age
Bates28,Bates/Free28/keith28,Bates-Free28-keith28,852.25,Bates/keith28,Bates,Bates/Free28,keith28,2;4.0,NA,merge_age
Bates28,Bates/Free28/kent28,Bates-Free28-kent28,852.25,Bates/kent28,Bates,Bates/Free28,kent28,2;4.0,NA,merge_age
Bates28,Bates/Free28/linda28,Bates-Free28-linda28,852.25,Bates/linda28,Bates,Bates/Free28,linda28,2;4.0,NA,merge_age
Bates28,Bates/Free28/mandy28,Bates-Free28-mandy28,852.25,Bates/mandy28,Bates,Bates/Free28,mandy28,2;4.0,NA,merge_age
Bates28,Bates/Free28/nan28,Bates-Free28-nan28,852.25,Bates/nan28,Bates,Bates/Free28,nan28,2;4.0,NA,merge_age
Bates28,Bates/Free28/olivia28,Bates-Free28-olivia28,852.25,Bates/olivia28,Bates,Bates/Free28,olivia28,2;4.0,NA,merge_age
Bates28,Bates/Free28/paula28,Bates-Free28-paula28,852.25,Bates/paula28,Bates,Bates/Free28,paula28,2;4.0,NA,merge_age
Bates28,Bates/Free28/pete28,Bates-Free28-pete28,852.25,Bates/pete28,Bates,Bates/Free28,pete28,2;4.0,NA,merge_age
Bates28,Bates/Free28/rick28,Bates-Free28-rick28,852.25,Bates/rick28,Bates,Bates/Free28,rick28,2;4.0,NA,merge_age
Bates28,Bates/Free28/ruth28,Bates-Free28-ruth28,852.25,Bates/ruth28,Bates,Bates/Free28,ruth28,2;4.0,NA,merge_age
Bates28,Bates/Free28/steve28,Bates-Free28-steve28,852.25,Bates/steve28,Bates,Bates/Free28,steve28,2;4.0,NA,merge_age
Bates28,Bates/Free28/sue28,Bates-Free28-sue28,852.25,Bates/sue28,Bates,Bates/Free28,sue28,2;4.0,NA,merge_age
Bates28,Bates/Free28/tom28,Bates-Free28-tom28,852.25,Bates/tom28,Bates,Bates/Free28,tom28,2;4.0,NA,merge_age
Bates28,Bates/Free28/vicki28,Bates-Free28-vicki28,852.25,Bates/vicki28,Bates,Bates/Free28,vicki28,2;4.0,NA,merge_age
Bates28,Bates/Free28/wanda28,Bates-Free28-wanda28,852.25,Bates/wanda28,Bates,Bates/Free28,wanda28,2;4.0,NA,merge_age
Bates28,Bates/Free28/will28,Bates-Free28-will28,852.25,Bates/will28,Bates,Bates/Free28,will28,2;4.0,NA,merge_age
Bates28,Bates/Free28/zeke28,Bates-Free28-zeke28,852.25,Bates/zeke28,Bates,Bates/Free28,zeke28,2;4.0,NA,merge_age
Bernstein,Bernstein/Children/Alice/alice1,Bernstein-Children-Alice-alice1,395.6875,Bernstein/alice1,Bernstein,Bernstein/Children/Alice,alice1,1;1.0,NA,merge_age
Bernstein,Bernstein/Children/Kay/kay1,Bernstein-Children-Kay-kay1,395.6875,Bernstein/kay1,Bernstein,Bernstein/Children/Kay,kay1,1;1.0,NA,merge_age
Bernstein,Bernstein/Children/Alice/alice2,Bernstein-Children-Alice-alice2,456.5625,Bernstein/alice2,Bernstein,Bernstein/Children/Alice,alice2,1;3.0,NA,merge_age
Bernstein,Bernstein/Children/Alice/alice3,Bernstein-Children-Alice-alice3,517.4375,Bernstein/alice3,Bernstein,Bernstein/Children/Alice,alice3,1;5.0,NA,merge_age
Bernstein,Bernstein/Children/Anne/anne1,Bernstein-Children-Anne-anne1,517.4375,Bernstein/anne1,Bernstein,Bernstein/Children/Anne,anne1,1;5.0,NA,merge_age
Bernstein,Bernstein/Children/Dale/dale1,Bernstein-Children-Dale-dale1,517.4375,Bernstein/dale1,Bernstein,Bernstein/Children/Dale,dale1,1;5.0,NA,merge_age
Bernstein,Bernstein/Children/Amelia/amelia1,Bernstein-Children-Amelia-amelia1,547.875,Bernstein/amelia1,Bernstein,Bernstein/Children/Amelia,amelia1,1;6.0,NA,merge_age
Bernstein,Bernstein/Children/Amelia/amelia3,Bernstein-Children-Amelia-amelia3,547.875,Bernstein/amelia3,Bernstein,Bernstein/Children/Amelia,amelia3,1;6.0,NA,merge_age
Bernstein,Bernstein/Children/Kay/kay3,Bernstein-Children-Kay-kay3,547.875,Bernstein/kay3,Bernstein,Bernstein/Children/Kay,kay3,1;6.0,NA,merge_age
Bernstein,Bernstein/Children/Dale/dale2,Bernstein-Children-Dale-dale2,578.3125,Bernstein/dale2,Bernstein,Bernstein/Children/Dale,dale2,1;7.0,NA,merge_age
Bernstein,Bernstein/Children/Lena/lena1,Bernstein-Children-Lena-lena1,578.3125,Bernstein/lena1,Bernstein,Bernstein/Children/Lena,lena1,1;7.0,NA,merge_age
Bernstein,Bernstein/Children/Amelia/amelia2,Bernstein-Children-Amelia-amelia2,608.75,Bernstein/amelia2,Bernstein,Bernstein/Children/Amelia,amelia2,1;8.0,NA,merge_age
Bernstein,Bernstein/Children/Anne/anne2,Bernstein-Children-Anne-anne2,608.75,Bernstein/anne2,Bernstein,Bernstein/Children/Anne,anne2,1;8.0,NA,merge_age
Bernstein,Bernstein/Children/Anne/anne3a,Bernstein-Children-Anne-anne3a,669.625,Bernstein/anne3a,Bernstein,Bernstein/Children/Anne,anne3a,1;10.0,NA,merge_age
Bernstein,Bernstein/Children/Lena/lena2,Bernstein-Children-Lena-lena2,669.625,Bernstein/lena2,Bernstein,Bernstein/Children/Lena,lena2,1;10.0,NA,merge_age
Bernstein,Bernstein/Children/Gail/gail2,Bernstein-Children-Gail-gail2,700.0625,Bernstein/gail2,Bernstein,Bernstein/Children/Gail,gail2,1;11.0,NA,merge_age
Bernstein,Bernstein/Children/Cindy/cindy1,Bernstein-Children-Cindy-cindy1,730.5,Bernstein/cindy1,Bernstein,Bernstein/Children/Cindy,cindy1,2;0.0,NA,merge_age
Bernstein,Bernstein/Children/Cindy/cindy3,Bernstein-Children-Cindy-cindy3,730.5,Bernstein/cindy3,Bernstein,Bernstein/Children/Cindy,cindy3,2;0.0,NA,merge_age
Bernstein,Bernstein/Children/Lena/lena3,Bernstein-Children-Lena-lena3,730.5,Bernstein/lena3,Bernstein,Bernstein/Children/Lena,lena3,2;0.0,NA,merge_age
Bernstein,Bernstein/Children/Gail/gail3,Bernstein-Children-Gail-gail3,760.9375,Bernstein/gail3,Bernstein,Bernstein/Children/Gail,gail3,2;1.0,NA,merge_age
Bernstein,Bernstein/Children/Kay/kay2,Bernstein-Children-Kay-kay2,831.8125,Bernstein/kay2,Bernstein,Bernstein/Children/Kay,kay2,2;3.10,NA,merge_age
Brent_c1,Brent/c1/c1-0902,Brent-c1-c1-0902,275.9375,Brent/c1-0902,Brent,Brent/c1,c1-0902,0;9.02,yes,merge_pnt_age
Brent_c1,Brent/c1/c1-0917,Brent-c1-c1-0917,290.9375,Brent/c1-0917,Brent,Brent/c1,c1-0917,0;9.17,yes,merge_pnt_age
Brent_c1,Brent/c1/c1-0930,Brent-c1-c1-0930,303.9375,Brent/c1-0930,Brent,Brent/c1,c1-0930,0;9.30,yes,merge_pnt_age
Brent_c1,Brent/c1/c1-1014,Brent-c1-c1-1014,318.375,Brent/c1-1014,Brent,Brent/c1,c1-1014,0;10.14,yes,merge_pnt_age
Brent_c1,Brent/c1/c1-1027,Brent-c1-c1-1027,331.375,Brent/c1-1027,Brent,Brent/c1,c1-1027,0;10.27,yes,merge_pnt_age
Brent_c1,Brent/c1/c1-1129,Brent-c1-c1-1129,363.8125,Brent/c1-1129,Brent,Brent/c1,c1-1129,0;11.29,yes,merge_pnt_age
Brent_c1,Brent/c1/c1-1207,Brent-c1-c1-1207,372.25,Brent/c1-1207,Brent,Brent/c1,c1-1207,1;0.07,yes,merge_pnt_age
Brent_c1,Brent/c1/c1-1217,Brent-c1-c1-1217,382.25,Brent/c1-1217,Brent,Brent/c1,c1-1217,1;0.17,yes,merge_pnt_age
Brent_c1,Brent/c1/c1-1417,Brent-c1-c1-1417,443.125,Brent/c1-1417,Brent,Brent/c1,c1-1417,1;2.17,yes,merge_pnt_age
Brent_d1,Brent/d1/d1-0904,Brent-d1-d1-0904,277.9375,Brent/d1-0904,Brent,Brent/d1,d1-0904,0;9.04,yes,merge_pnt_age
Brent_d1,Brent/d1/d1-0925,Brent-d1-d1-0925,298.9375,Brent/d1-0925,Brent,Brent/d1,d1-0925,0;9.25,yes,merge_pnt_age
Brent_d1,Brent/d1/d1-1026,Brent-d1-d1-1026,330.375,Brent/d1-1026,Brent,Brent/d1,d1-1026,0;10.26,yes,merge_pnt_age
Brent_d1,Brent/d1/d1-1224,Brent-d1-d1-1224,399.6875,Brent/d1-1224,Brent,Brent/d1,d1-1224,1;1.04,yes,merge_pnt_age
Brent_d1,Brent/d1/d1-1310,Brent-d1-d1-1310,405.6875,Brent/d1-1310,Brent,Brent/d1,d1-1310,1;1.10,yes,merge_pnt_age
Brent_d1,Brent/d1/d1-1407,Brent-d1-d1-1407,433.125,Brent/d1-1407,Brent,Brent/d1,d1-1407,1;2.07,yes,merge_pnt_age
Brent_d1,Brent/d1/d1-1417,Brent-d1-d1-1417,443.125,Brent/d1-1417,Brent,Brent/d1,d1-1417,1;2.17,yes,merge_pnt_age
Brent_d1,Brent/d1/d1-1428,Brent-d1-d1-1428,454.125,Brent/d1-1428,Brent,Brent/d1,d1-1428,1;2.28,yes,merge_pnt_age
Brent_f1,Brent/f1/f1-0828,Brent-f1-f1-0828,271.5,Brent/f1-0828,Brent,Brent/f1,f1-0828,0;8.28,yes,merge_pnt_age
Brent_f1,Brent/f1/f1-0910,Brent-f1-f1-0910,283.9375,Brent/f1-0910,Brent,Brent/f1,f1-0910,0;9.10,yes,merge_pnt_age
Brent_f1,Brent/f1/f1-1003,Brent-f1-f1-1003,307.375,Brent/f1-1003,Brent,Brent/f1,f1-1003,0;10.03,yes,merge_pnt_age
Brent_f1,Brent/f1/f1-1013,Brent-f1-f1-1013,317.375,Brent/f1-1013,Brent,Brent/f1,f1-1013,0;10.13,yes,merge_pnt_age
Brent_f1,Brent/f1/f1-1022,Brent-f1-f1-1022,326.375,Brent/f1-1022,Brent,Brent/f1,f1-1022,0;10.22,yes,merge_pnt_age
Brent_f1,Brent/f1/f1-1106,Brent-f1-f1-1106,340.8125,Brent/f1-1106,Brent,Brent/f1,f1-1106,0;11.06,yes,merge_pnt_age
Brent_f1,Brent/f1/f1-1120,Brent-f1-f1-1120,354.8125,Brent/f1-1120,Brent,Brent/f1,f1-1120,0;11.20,yes,merge_pnt_age
Brent_f1,Brent/f1/f1-1206,Brent-f1-f1-1206,371.25,Brent/f1-1206,Brent,Brent/f1,f1-1206,1;0.06,yes,merge_pnt_age
Brent_f1,Brent/f1/f1-1304,Brent-f1-f1-1304,399.6875,Brent/f1-1304,Brent,Brent/f1,f1-1304,1;1.04,yes,merge_pnt_age
Brent_f1,Brent/f1/f1-1318,Brent-f1-f1-1318,413.6875,Brent/f1-1318,Brent,Brent/f1,f1-1318,1;1.18,yes,merge_pnt_age
Brent_f1,Brent/f1/f1-1402,Brent-f1-f1-1402,428.125,Brent/f1-1402,Brent,Brent/f1,f1-1402,1;2.02,yes,merge_pnt_age
Brent_f1,Brent/f1/f1-1424,Brent-f1-f1-1424,450.125,Brent/f1-1424,Brent,Brent/f1,f1-1424,1;2.24,yes,merge_pnt_age
Brent_f1,Brent/f1/f1-1504,Brent-f1-f1-1504,460.5625,Brent/f1-1504,Brent,Brent/f1,f1-1504,1;3.04,yes,merge_pnt_age
Brent_f2,Brent/f2/f2-0827,Brent-f2-f2-0827,270.5,Brent/f2-0827,Brent,Brent/f2,f2-0827,0;08.27,yes,merge_pnt_age
Brent_f2,Brent/f2/f2-1010,Brent-f2-f2-1010,314.375,Brent/f2-1010,Brent,Brent/f2,f2-1010,0;10.10,yes,merge_pnt_age
Brent_f2,Brent/f2/f2-1414,Brent-f2-f2-1414,440.125,Brent/f2-1414,Brent,Brent/f2,f2-1414,1;2.14,yes,merge_pnt_age
Brent_i1,Brent/i1/i1-0901,Brent-i1-i1-0901,274.9375,Brent/i1-0901,Brent,Brent/i1,i1-0901,0;9.01,yes,merge_pnt_age
Brent_i1,Brent/i1/i1-0914,Brent-i1-i1-0914,287.9375,Brent/i1-0914,Brent,Brent/i1,i1-0914,0;9.14,yes,merge_pnt_age
Brent_i1,Brent/i1/i1-1005,Brent-i1-i1-1005,309.375,Brent/i1-1005,Brent,Brent/i1,i1-1005,0;10.05,yes,merge_pnt_age
Brent_i1,Brent/i1/i1-1311,Brent-i1-i1-1311,406.6875,Brent/i1-1311,Brent,Brent/i1,i1-1311,1;1.11,yes,merge_pnt_age
Brent_i1,Brent/i1/i1-1508,Brent-i1-i1-1508,464.5625,Brent/i1-1508,Brent,Brent/i1,i1-1508,1;3.08,yes,merge_pnt_age
Brent_j1,Brent/j1/j1-0908,Brent-j1-j1-0908,281.9375,Brent/j1-0908,Brent,Brent/j1,j1-0908,0;9.08,yes,merge_pnt_age
Brent_j1,Brent/j1/j1-0922,Brent-j1-j1-0922,295.9375,Brent/j1-0922,Brent,Brent/j1,j1-0922,0;9.22,yes,merge_pnt_age
Brent_j1,Brent/j1/j1-1005,Brent-j1-j1-1005,309.375,Brent/j1-1005,Brent,Brent/j1,j1-1005,0;10.05,yes,merge_pnt_age
Brent_j1,Brent/j1/j1-1023,Brent-j1-j1-1023,327.375,Brent/j1-1023,Brent,Brent/j1,j1-1023,0;10.23,yes,merge_pnt_age
Brent_j1,Brent/j1/j1-1106,Brent-j1-j1-1106,340.8125,Brent/j1-1106,Brent,Brent/j1,j1-1106,0;11.06,yes,merge_pnt_age
Brent_j1,Brent/j1/j1-1201,Brent-j1-j1-1201,366.25,Brent/j1-1201,Brent,Brent/j1,j1-1201,1;0.01,yes,merge_pnt_age
Brent_j1,Brent/j1/j1-1318,Brent-j1-j1-1318,413.6875,Brent/j1-1318,Brent,Brent/j1,j1-1318,1;1.18,yes,merge_pnt_age
Brent_j1,Brent/j1/j1-1115,Brent-j1-j1-1115,349.8125,Brent/j1-1115,Brent,Brent/j1,j1-1115,0;11.15,yes,merge_pnt_age
Brent_j1,Brent/j1/j1-1214,Brent-j1-j1-1214,379.25,Brent/j1-1214,Brent,Brent/j1,j1-1214,1;0.14,yes,merge_pnt_age
Brent_j1,Brent/j1/j1-1323,Brent-j1-j1-1323,418.6875,Brent/j1-1323,Brent,Brent/j1,j1-1323,1;1.23,yes,merge_pnt_age
Brent_j1,Brent/j1/j1-1415,Brent-j1-j1-1415,441.125,Brent/j1-1415,Brent,Brent/j1,j1-1415,1;2.15,yes,merge_pnt_age
Brent_j1,Brent/j1/j1-1420,Brent-j1-j1-1420,446.125,Brent/j1-1420,Brent,Brent/j1,j1-1420,1;2.20,yes,merge_pnt_age
Brent_j1,Brent/j1/j1-1229,Brent-j1-j1-1229,394.25,Brent/j1-1229,Brent,Brent/j1,j1-1229,1;0.29,yes,merge_pnt_age
Brent_j1,Brent/j1/j1-1505,Brent-j1-j1-1505,461.5625,Brent/j1-1505,Brent,Brent/j1,j1-1505,1;3.05,yes,merge_pnt_age
Brent_m2,Brent/m2/m2-1013,Brent-m2-m2-1013,317.375,Brent/m2-1013,Brent,Brent/m2,m2-1013,0;10.13,yes,merge_pnt_age
Brent_m2,Brent/m2/m2-1027,Brent-m2-m2-1027,331.375,Brent/m2-1027,Brent,Brent/m2,m2-1027,0;10.27,yes,merge_pnt_age
Brent_m2,Brent/m2/m2-0928,Brent-m2-m2-0928,301.9375,Brent/m2-0928,Brent,Brent/m2,m2-0928,0;9.28,yes,merge_pnt_age
Brent_m2,Brent/m2/m2-1113,Brent-m2-m2-1113,347.8125,Brent/m2-1113,Brent,Brent/m2,m2-1113,0;11.13,yes,merge_pnt_age
Brent_m2,Brent/m2/m2-1311,Brent-m2-m2-1311,406.6875,Brent/m2-1311,Brent,Brent/m2,m2-1311,1;1.11,yes,merge_pnt_age
Brent_m2,Brent/m2/m2-1322,Brent-m2-m2-1322,417.6875,Brent/m2-1322,Brent,Brent/m2,m2-1322,1;1.22,yes,merge_pnt_age
Brent_m2,Brent/m2/m2-0907,Brent-m2-m2-0907,280.9375,Brent/m2-0907,Brent,Brent/m2,m2-0907,0;9.07,yes,merge_pnt_age
Brent_m2,Brent/m2/m2-1223,Brent-m2-m2-1223,388.25,Brent/m2-1223,Brent,Brent/m2,m2-1223,1;0.23,yes,merge_pnt_age
Brent_m2,Brent/m2/m2-1413,Brent-m2-m2-1413,439.125,Brent/m2-1413,Brent,Brent/m2,m2-1413,1;2.13,yes,merge_pnt_age
Brent_m2,Brent/m2/m2-1504,Brent-m2-m2-1504,460.5625,Brent/m2-1504,Brent,Brent/m2,m2-1504,1;3.04,yes,merge_pnt_age
Brent_q1,Brent/q1/q1-0928,Brent-q1-q1-0928,301.9375,Brent/q1-0928,Brent,Brent/q1,q1-0928,0;9.28,yes,merge_pnt_age
Brent_q1,Brent/q1/q1-1026,Brent-q1-q1-1026,330.375,Brent/q1-1026,Brent,Brent/q1,q1-1026,0;10.26,yes,merge_pnt_age
Brent_q1,Brent/q1/q1-0900,Brent-q1-q1-0900,273.9375,Brent/q1-0900,Brent,Brent/q1,q1-0900,0;9.00,yes,merge_pnt_age
Brent_q1,Brent/q1/q1-1109,Brent-q1-q1-1109,343.8125,Brent/q1-1109,Brent,Brent/q1,q1-1109,0;11.09,yes,merge_pnt_age
Brent_q1,Brent/q1/q1-1128,Brent-q1-q1-1128,362.8125,Brent/q1-1128,Brent,Brent/q1,q1-1128,0;11.28,yes,merge_pnt_age
Brent_q1,Brent/q1/q1-1405,Brent-q1-q1-1405,431.125,Brent/q1-1405,Brent,Brent/q1,q1-1405,1;2.05,yes,merge_pnt_age
Brent_s1,Brent/s1/s1-0902,Brent-s1-s1-0902,275.9375,Brent/s1-0902,Brent,Brent/s1,s1-0902,0;9.02,yes,merge_pnt_age
Brent_s1,Brent/s1/s1-0919,Brent-s1-s1-0919,292.9375,Brent/s1-0919,Brent,Brent/s1,s1-0919,0;9.19,yes,merge_pnt_age
Brent_s1,Brent/s1/s1-1001,Brent-s1-s1-1001,305.375,Brent/s1-1001,Brent,Brent/s1,s1-1001,0;10.01,yes,merge_pnt_age
Brent_s1,Brent/s1/s1-1015,Brent-s1-s1-1015,319.375,Brent/s1-1015,Brent,Brent/s1,s1-1015,0;10.15,yes,merge_pnt_age
Brent_s1,Brent/s1/s1-1029,Brent-s1-s1-1029,333.375,Brent/s1-1029,Brent,Brent/s1,s1-1029,0;10.29,yes,merge_pnt_age
Brent_s1,Brent/s1/s1-1113,Brent-s1-s1-1113,347.8125,Brent/s1-1113,Brent,Brent/s1,s1-1113,0;11.13,yes,merge_pnt_age
Brent_s1,Brent/s1/s1-1126,Brent-s1-s1-1126,360.8125,Brent/s1-1126,Brent,Brent/s1,s1-1126,0;11.26,yes,merge_pnt_age
Brent_s1,Brent/s1/s1-1210,Brent-s1-s1-1210,375.25,Brent/s1-1210,Brent,Brent/s1,s1-1210,1;0.10,yes,merge_pnt_age
Brent_s1,Brent/s1/s1-1224,Brent-s1-s1-1224,389.25,Brent/s1-1224,Brent,Brent/s1,s1-1224,1;0.24,yes,merge_pnt_age
Brent_s1,Brent/s1/s1-1308,Brent-s1-s1-1308,403.6875,Brent/s1-1308,Brent,Brent/s1,s1-1308,1;1.08,yes,merge_pnt_age
Brent_s1,Brent/s1/s1-1322,Brent-s1-s1-1322,417.6875,Brent/s1-1322,Brent,Brent/s1,s1-1322,1;1.22,yes,merge_pnt_age
Brent_s1,Brent/s1/s1-1406,Brent-s1-s1-1406,432.125,Brent/s1-1406,Brent,Brent/s1,s1-1406,1;2.06,yes,merge_pnt_age
Brent_s1,Brent/s1/s1-1424,Brent-s1-s1-1424,450.125,Brent/s1-1424,Brent,Brent/s1,s1-1424,1;2.24,yes,merge_pnt_age
Brent_s1,Brent/s1/s1-1500,Brent-s1-s1-1500,457.5625,Brent/s1-1500,Brent,Brent/s1,s1-1500,1;3.01,yes,merge_pnt_age
Brent_s2,Brent/s2/s2-0905,Brent-s2-s2-0905,278.9375,Brent/s2-0905,Brent,Brent/s2,s2-0905,0;9.05,yes,merge_pnt_age
Brent_s2,Brent/s2/s2-0921,Brent-s2-s2-0921,294.9375,Brent/s2-0921,Brent,Brent/s2,s2-0921,0;9.21,yes,merge_pnt_age
Brent_s2,Brent/s2/s2-1004,Brent-s2-s2-1004,308.375,Brent/s2-1004,Brent,Brent/s2,s2-1004,0;10.04,yes,merge_pnt_age
Brent_s2,Brent/s2/s2-1105,Brent-s2-s2-1105,339.8125,Brent/s2-1105,Brent,Brent/s2,s2-1105,0;11.05,yes,merge_pnt_age
Brent_s2,Brent/s2/s2-1206,Brent-s2-s2-1206,371.25,Brent/s2-1206,Brent,Brent/s2,s2-1206,1;0.06,yes,merge_pnt_age
Brent_s2,Brent/s2/s2-1222,Brent-s2-s2-1222,387.25,Brent/s2-1222,Brent,Brent/s2,s2-1222,1;0.22,yes,merge_pnt_age
Brent_s2,Brent/s2/s2-1309,Brent-s2-s2-1309,404.6875,Brent/s2-1309,Brent,Brent/s2,s2-1309,1;1.09,yes,merge_pnt_age
Brent_s2,Brent/s2/s2-1320,Brent-s2-s2-1320,415.6875,Brent/s2-1320,Brent,Brent/s2,s2-1320,1;1.20,yes,merge_pnt_age
Brent_s2,Brent/s2/s2-1404,Brent-s2-s2-1404,430.125,Brent/s2-1404,Brent,Brent/s2,s2-1404,1;2.04,yes,merge_pnt_age
Brent_s2,Brent/s2/s2-1420,Brent-s2-s2-1420,446.125,Brent/s2-1420,Brent,Brent/s2,s2-1420,1;2.20,yes,merge_pnt_age
Brent_s2,Brent/s2/s2-1424,Brent-s2-s2-1424,450.125,Brent/s2-1424,Brent,Brent/s2,s2-1424,1;2.24,yes,merge_pnt_age
Brent_s3,Brent/s3/s3-1128,Brent-s3-s3-1128,362.8125,Brent/s3-1128,Brent,Brent/s3,s3-1128,0;11.28,yes,merge_pnt_age
Brent_s3,Brent/s3/s3-1209,Brent-s3-s3-1209,374.25,Brent/s3-1209,Brent,Brent/s3,s3-1209,1;0.09,yes,merge_pnt_age
Brent_t1,Brent/t1/t1-0830,Brent-t1-t1-0830,273.5,Brent/t1-0830,Brent,Brent/t1,t1-0830,0;8.30,yes,merge_pnt_age
Brent_t1,Brent/t1/t1-0927,Brent-t1-t1-0927,300.9375,Brent/t1-0927,Brent,Brent/t1,t1-0927,0;9.27,yes,merge_pnt_age
Brent_t1,Brent/t1/t1-1016,Brent-t1-t1-1016,320.375,Brent/t1-1016,Brent,Brent/t1,t1-1016,0;10.16,yes,merge_pnt_age
Brent_t1,Brent/t1/t1-1025,Brent-t1-t1-1025,329.375,Brent/t1-1025,Brent,Brent/t1,t1-1025,0;10.25,yes,merge_pnt_age
Brent_t1,Brent/t1/t1-1108,Brent-t1-t1-1108,342.8125,Brent/t1-1108,Brent,Brent/t1,t1-1108,0;11.08,yes,merge_pnt_age
Brent_t1,Brent/t1/t1-1126,Brent-t1-t1-1126,360.8125,Brent/t1-1126,Brent,Brent/t1,t1-1126,0;11.26,yes,merge_pnt_age
Brent_t1,Brent/t1/t1-1205,Brent-t1-t1-1205,370.25,Brent/t1-1205,Brent,Brent/t1,t1-1205,1;0.05,yes,merge_pnt_age
Brent_t1,Brent/t1/t1-1310,Brent-t1-t1-1310,405.6875,Brent/t1-1310,Brent,Brent/t1,t1-1310,1;1.10,yes,merge_pnt_age
Brent_t1,Brent/t1/t1-1319,Brent-t1-t1-1319,414.6875,Brent/t1-1319,Brent,Brent/t1,t1-1319,1;1.19,yes,merge_pnt_age
Brent_t1,Brent/t1/t1-1416,Brent-t1-t1-1416,442.125,Brent/t1-1416,Brent,Brent/t1,t1-1416,1;2.16,yes,merge_pnt_age
Brent_v1,Brent/v1/v1-0828,Brent-v1-v1-0828,271.5,Brent/v1-0828,Brent,Brent/v1,v1-0828,0;8.28,yes,merge_pnt_age
Brent_v1,Brent/v1/v1-0910,Brent-v1-v1-0910,283.9375,Brent/v1-0910,Brent,Brent/v1,v1-0910,0;09.10,yes,merge_pnt_age
Brent_v1,Brent/v1/v1-1007,Brent-v1-v1-1007,311.375,Brent/v1-1007,Brent,Brent/v1,v1-1007,0;10.07,yes,merge_pnt_age
Brent_v1,Brent/v1/v1-1024,Brent-v1-v1-1024,328.375,Brent/v1-1024,Brent,Brent/v1,v1-1024,0;10.24,yes,merge_pnt_age
Brent_v1,Brent/v1/v1-1115,Brent-v1-v1-1115,349.8125,Brent/v1-1115,Brent,Brent/v1,v1-1115,0;11.15,yes,merge_pnt_age
Brent_v1,Brent/v1/v1-1207,Brent-v1-v1-1207,372.25,Brent/v1-1207,Brent,Brent/v1,v1-1207,1;0.07,yes,merge_pnt_age
Brent_v1,Brent/v1/v1-1221,Brent-v1-v1-1221,386.25,Brent/v1-1221,Brent,Brent/v1,v1-1221,1;0.21,yes,merge_pnt_age
Brent_v1,Brent/v1/v1-1305,Brent-v1-v1-1305,400.6875,Brent/v1-1305,Brent,Brent/v1,v1-1305,1;1.05,yes,merge_pnt_age
Brent_v1,Brent/v1/v1-1319,Brent-v1-v1-1319,414.6875,Brent/v1-1319,Brent,Brent/v1,v1-1319,1;1.19,yes,merge_pnt_age
Brent_v1,Brent/v1/v1-1417,Brent-v1-v1-1417,443.125,Brent/v1-1417,Brent,Brent/v1,v1-1417,1;2.17,yes,merge_pnt_age
Brent_v1,Brent/v1/v1-1506,Brent-v1-v1-1506,462.5625,Brent/v1-1506,Brent,Brent/v1,v1-1506,1;3.06,yes,merge_pnt_age
Brent_v2,Brent/v2/v2-0903,Brent-v2-v2-0903,276.9375,Brent/v2-0903,Brent,Brent/v2,v2-0903,0;9.03,yes,merge_pnt_age
Brent_v2,Brent/v2/v2-1000,Brent-v2-v2-1000,304.375,Brent/v2-1000,Brent,Brent/v2,v2-1000,0;10.0,yes,merge_pnt_age
Brent_v2,Brent/v2/v2-1014,Brent-v2-v2-1014,318.375,Brent/v2-1014,Brent,Brent/v2,v2-1014,0;10.14,yes,merge_pnt_age
Brent_v2,Brent/v2/v2-1028,Brent-v2-v2-1028,332.375,Brent/v2-1028,Brent,Brent/v2,v2-1028,0;10.28,yes,merge_pnt_age
Brent_v2,Brent/v2/v2-1112,Brent-v2-v2-1112,346.8125,Brent/v2-1112,Brent,Brent/v2,v2-1112,0;11.12,yes,merge_pnt_age
Brent_v2,Brent/v2/v2-1125,Brent-v2-v2-1125,359.8125,Brent/v2-1125,Brent,Brent/v2,v2-1125,0;11.25,yes,merge_pnt_age
Brent_v2,Brent/v2/v2-1223,Brent-v2-v2-1223,388.25,Brent/v2-1223,Brent,Brent/v2,v2-1223,1;0.23,yes,merge_pnt_age
Brent_v2,Brent/v2/v2-1307,Brent-v2-v2-1307,402.6875,Brent/v2-1307,Brent,Brent/v2,v2-1307,1;1.07,yes,merge_pnt_age
Brent_v2,Brent/v2/v2-1405,Brent-v2-v2-1405,431.125,Brent/v2-1405,Brent,Brent/v2,v2-1405,1;2.05,yes,merge_pnt_age
Brent_v2,Brent/v2/v2-1508,Brent-v2-v2-1508,464.5625,Brent/v2-1508,Brent,Brent/v2,v2-1508,1;3.08,yes,merge_pnt_age
Brent_w1,Brent/w1/w1-0913,Brent-w1-w1-0913,286.9375,Brent/w1-0913,Brent,Brent/w1,w1-0913,0;9.13,yes,merge_pnt_age
Brent_w1,Brent/w1/w1-1005,Brent-w1-w1-1005,309.375,Brent/w1-1005,Brent,Brent/w1,w1-1005,0;10.05,yes,merge_pnt_age
Brent_w1,Brent/w1/w1-1011,Brent-w1-w1-1011,315.375,Brent/w1-1011,Brent,Brent/w1,w1-1011,0;10.11,yes,merge_pnt_age
Brent_w1,Brent/w1/w1-1025,Brent-w1-w1-1025,329.375,Brent/w1-1025,Brent,Brent/w1,w1-1025,0;10.25,yes,merge_pnt_age
Brent_w1,Brent/w1/w1-1123,Brent-w1-w1-1123,357.8125,Brent/w1-1123,Brent,Brent/w1,w1-1123,0;11.23,yes,merge_pnt_age
Brent_w1,Brent/w1/w1-1206,Brent-w1-w1-1206,371.25,Brent/w1-1206,Brent,Brent/w1,w1-1206,1;0.06,yes,merge_pnt_age
Brent_w1,Brent/w1/w1-1220,Brent-w1-w1-1220,385.25,Brent/w1-1220,Brent,Brent/w1,w1-1220,1;0.20,yes,merge_pnt_age
Brent_w1,Brent/w1/w1-1303,Brent-w1-w1-1303,398.6875,Brent/w1-1303,Brent,Brent/w1,w1-1303,1;1.03,yes,merge_pnt_age
Brent_w1,Brent/w1/w1-1417,Brent-w1-w1-1417,443.125,Brent/w1-1417,Brent,Brent/w1,w1-1417,1;2.17,yes,merge_pnt_age
Brent_w1,Brent/w1/w1-1428,Brent-w1-w1-1428,454.125,Brent/w1-1428,Brent,Brent/w1,w1-1428,1;2.28,yes,merge_pnt_age
Brent_w3,Brent/w3/w3-1107,Brent-w3-w3-1107,341.8125,Brent/w3-1107,Brent,Brent/w3,w3-1107,0;11.07,yes,merge_pnt_age
Brent_w3,Brent/w3/w3-1122,Brent-w3-w3-1122,356.8125,Brent/w3-1122,Brent,Brent/w3,w3-1122,0;11.22,yes,merge_pnt_age
Brent_w3,Brent/w3/w3-1208,Brent-w3-w3-1208,373.25,Brent/w3-1208,Brent,Brent/w3,w3-1208,1;0.08,yes,merge_pnt_age
Brent_w3,Brent/w3/w3-1218,Brent-w3-w3-1218,383.25,Brent/w3-1218,Brent,Brent/w3,w3-1218,1;0.18,yes,merge_pnt_age
Brent_w3,Brent/w3/w3-1301,Brent-w3-w3-1301,396.6875,Brent/w3-1301,Brent,Brent/w3,w3-1301,1;1.01,yes,merge_pnt_age
Brent_w3,Brent/w3/w3-1316,Brent-w3-w3-1316,411.6875,Brent/w3-1316,Brent,Brent/w3,w3-1316,1;1.16,yes,merge_pnt_age
Brent_w3,Brent/w3/w3-1421,Brent-w3-w3-1421,447.125,Brent/w3-1421,Brent,Brent/w3,w3-1421,1;2.21,yes,merge_pnt_age
Brent_w3,Brent/w3/w3-1512,Brent-w3-w3-1512,468.5625,Brent/w3-1512,Brent,Brent/w3,w3-1512,1;3.12,yes,merge_pnt_age
Demetras1_tre,Demetras1/tre01,Demetras1-tre01,757.5,Demetras1/tre01,Demetras1,Demetras1,tre01,2;0.27,NA,single_child
Demetras1_tre,Demetras1/tre02,Demetras1-tre02,758.5,Demetras1/tre02,Demetras1,Demetras1,tre02,2;0.28,NA,single_child
Demetras1_tre,Demetras1/tre03,Demetras1-tre03,759.5,Demetras1/tre03,Demetras1,Demetras1,tre03,2;0.29,NA,single_child
Demetras1_tre,Demetras1/tre04,Demetras1-tre04,765.9375,Demetras1/tre04,Demetras1,Demetras1,tre04,2;1.05,NA,single_child
Demetras1_tre,Demetras1/tre05,Demetras1-tre05,917.125,Demetras1/tre05,Demetras1,Demetras1,tre05,2;6.04,NA,single_child
Demetras1_tre,Demetras1/tre06,Demetras1-tre06,918.125,Demetras1/tre06,Demetras1,Demetras1,tre06,2;6.05,NA,single_child
Demetras1_tre,Demetras1/tre07,Demetras1-tre07,920.125,Demetras1/tre07,Demetras1,Demetras1,tre07,2;6.07,NA,single_child
Demetras1_tre,Demetras1/tre08,Demetras1-tre08,925.125,Demetras1/tre08,Demetras1,Demetras1,tre08,2;6.12,NA,single_child
Demetras1_tre,Demetras1/tre09,Demetras1-tre09,977,Demetras1/tre09,Demetras1,Demetras1,tre09,2;8.03,NA,single_child
Demetras1_tre,Demetras1/tre10,Demetras1-tre10,979,Demetras1/tre10,Demetras1,Demetras1,tre10,2;8.05,NA,single_child
Demetras1_tre,Demetras1/tre11,Demetras1-tre11,981,Demetras1/tre11,Demetras1,Demetras1,tre11,2;8.07,NA,single_child
Demetras1_tre,Demetras1/tre12,Demetras1-tre12,984,Demetras1/tre12,Demetras1,Demetras1,tre12,2;8.10,NA,single_child
Demetras1_tre,Demetras1/tre13,Demetras1-tre13,1038.875,Demetras1/tre13,Demetras1,Demetras1,tre13,2;10.04,NA,single_child
Demetras1_tre,Demetras1/tre14,Demetras1-tre14,1076.3125,Demetras1/tre14,Demetras1,Demetras1,tre14,2;11.11,NA,single_child
Demetras1_tre,Demetras1/tre16,Demetras1-tre16,1079.3125,Demetras1/tre16,Demetras1,Demetras1,tre16,2;11.14,NA,single_child
Demetras1_tre,Demetras1/tre17,Demetras1-tre17,1102.75,Demetras1/tre17,Demetras1,Demetras1,tre17,3;0.07,NA,single_child
Demetras1_tre,Demetras1/tre18,Demetras1-tre18,1103.75,Demetras1/tre18,Demetras1,Demetras1,tre18,3;0.08,NA,single_child
Demetras1_tre,Demetras1/tre19,Demetras1-tre19,1104.75,Demetras1/tre19,Demetras1,Demetras1,tre19,3;0.09,NA,single_child
Demetras1_tre,Demetras1/tre20,Demetras1-tre20,1143.1875,Demetras1/tre20,Demetras1,Demetras1,tre20,3;1.17,NA,single_child
Demetras2_j,Demetras2/Jimmy/j_fat02,Demetras2-Jimmy-j_fat02,806.375,Demetras2/j_fat02,Demetras2,Demetras2/Jimmy,j_fat02,2;2.15,NA,single_child
Demetras2_j,Demetras2/Jimmy/j_fat03,Demetras2-Jimmy-j_fat03,811.375,Demetras2/j_fat03,Demetras2,Demetras2/Jimmy,j_fat03,2;2.20,NA,single_child
Demetras2_j,Demetras2/Jimmy/j_fat04,Demetras2-Jimmy-j_fat04,815.375,Demetras2/j_fat04,Demetras2,Demetras2/Jimmy,j_fat04,2;2.24,NA,single_child
Demetras2_j,Demetras2/Jimmy/j_fat06,Demetras2-Jimmy-j_fat06,880.25,Demetras2/j_fat06,Demetras2,Demetras2/Jimmy,j_fat06,2;4.28,NA,single_child
Demetras2_j,Demetras2/Jimmy/j_fat07,Demetras2-Jimmy-j_fat07,881.25,Demetras2/j_fat07,Demetras2,Demetras2/Jimmy,j_fat07,2;4.29,NA,single_child
Demetras2_j,Demetras2/Jimmy/j_fat08,Demetras2-Jimmy-j_fat08,882.25,Demetras2/j_fat08,Demetras2,Demetras2/Jimmy,j_fat08,2;4.30,NA,single_child
Demetras2_j,Demetras2/Jimmy/j_fat09,Demetras2-Jimmy-j_fat09,942.125,Demetras2/j_fat09,Demetras2,Demetras2/Jimmy,j_fat09,2;6.29,NA,single_child
Demetras2_j,Demetras2/Jimmy/j_fat10,Demetras2-Jimmy-j_fat10,945.5625,Demetras2/j_fat10,Demetras2,Demetras2/Jimmy,j_fat10,2;7.02,NA,single_child
Demetras2_j,Demetras2/Jimmy/j_fat11,Demetras2-Jimmy-j_fat11,947.5625,Demetras2/j_fat11,Demetras2,Demetras2/Jimmy,j_fat11,2;7.04,NA,single_child
Demetras2_j,Demetras2/Jimmy/j_fat12,Demetras2-Jimmy-j_fat12,948.5625,Demetras2/j_fat12,Demetras2,Demetras2/Jimmy,j_fat12,2;7.05,NA,single_child
Demetras2_j,Demetras2/Jimmy/j_fat14,Demetras2-Jimmy-j_fat14,1020.4375,Demetras2/j_fat14,Demetras2,Demetras2/Jimmy,j_fat14,2;9.16,NA,single_child
Demetras2_j,Demetras2/Jimmy/j_fat15,Demetras2-Jimmy-j_fat15,1026.4375,Demetras2/j_fat15,Demetras2,Demetras2/Jimmy,j_fat15,2;9.22,NA,single_child
Demetras2_j,Demetras2/Jimmy/j_fat16,Demetras2-Jimmy-j_fat16,1027.4375,Demetras2/j_fat16,Demetras2,Demetras2/Jimmy,j_fat16,2;9.23,NA,single_child
Demetras2_j,Demetras2/Jimmy/j_mot02,Demetras2-Jimmy-j_mot02,806.375,Demetras2/j_mot02,Demetras2,Demetras2/Jimmy,j_mot02,2;2.15,NA,single_child
Demetras2_j,Demetras2/Jimmy/j_mot03,Demetras2-Jimmy-j_mot03,811.375,Demetras2/j_mot03,Demetras2,Demetras2/Jimmy,j_mot03,2;2.20,NA,single_child
Demetras2_j,Demetras2/Jimmy/j_mot04,Demetras2-Jimmy-j_mot04,815.375,Demetras2/j_mot04,Demetras2,Demetras2/Jimmy,j_mot04,2;2.24,NA,single_child
Demetras2_j,Demetras2/Jimmy/j_mot07,Demetras2-Jimmy-j_mot07,881.25,Demetras2/j_mot07,Demetras2,Demetras2/Jimmy,j_mot07,2;4.29,NA,single_child
Demetras2_j,Demetras2/Jimmy/j_mot08,Demetras2-Jimmy-j_mot08,882.25,Demetras2/j_mot08,Demetras2,Demetras2/Jimmy,j_mot08,2;4.30,NA,single_child
Demetras2_j,Demetras2/Jimmy/j_mot10,Demetras2-Jimmy-j_mot10,945.5625,Demetras2/j_mot10,Demetras2,Demetras2/Jimmy,j_mot10,2;7.02,NA,single_child
Demetras2_j,Demetras2/Jimmy/j_mot11,Demetras2-Jimmy-j_mot11,947.5625,Demetras2/j_mot11,Demetras2,Demetras2/Jimmy,j_mot11,2;7.04,NA,single_child
Demetras2_j,Demetras2/Jimmy/j_mot12,Demetras2-Jimmy-j_mot12,948.5625,Demetras2/j_mot12,Demetras2,Demetras2/Jimmy,j_mot12,2;7.05,NA,single_child
Demetras2_j,Demetras2/Jimmy/j_mot14,Demetras2-Jimmy-j_mot14,1020.4375,Demetras2/j_mot14,Demetras2,Demetras2/Jimmy,j_mot14,2;9.16,NA,single_child
Demetras2_j,Demetras2/Jimmy/j_mot15,Demetras2-Jimmy-j_mot15,1026.4375,Demetras2/j_mot15,Demetras2,Demetras2/Jimmy,j_mot15,2;9.22,NA,single_child
Demetras2_j,Demetras2/Jimmy/j_mot16,Demetras2-Jimmy-j_mot16,1027.4375,Demetras2/j_mot16,Demetras2,Demetras2/Jimmy,j_mot16,2;9.23,NA,single_child
McCune_21,McCune/Rick/rick20,McCune-Rick-rick20,608.75,McCune/rick20,McCune,McCune/Rick,rick20,1;08.0,NA,merge_pnt_age
McCune_21,McCune/Alice/alice22,McCune-Alice-alice22,669.625,McCune/alice22,McCune,McCune/Alice,alice22,1;10.0,NA,merge_pnt_age
McCune_21,McCune/Jase/jase22,McCune-Jase-jase22,669.625,McCune/jase22,McCune,McCune/Jase,jase22,1;10.0,NA,merge_pnt_age
McCune_21,McCune/Laura/laura22,McCune-Laura-laura22,669.625,McCune/laura22,McCune,McCune/Laura,laura22,1;10.0,NA,merge_pnt_age
McCune_21,McCune/Rick/rick22,McCune-Rick-rick22,669.625,McCune/rick22,McCune,McCune/Rick,rick22,1;10.0,NA,merge_pnt_age
McCune_24,McCune/Alice/alice23,McCune-Alice-alice23,700.0625,McCune/alice23,McCune,McCune/Alice,alice23,1;11.0,NA,merge_pnt_age
McCune_24,McCune/Jase/jase23,McCune-Jase-jase23,700.0625,McCune/jase23,McCune,McCune/Jase,jase23,1;11.0,NA,merge_pnt_age
McCune_24,McCune/Laura/laura23,McCune-Laura-laura23,700.0625,McCune/laura23,McCune,McCune/Laura,laura23,1;11.0,NA,merge_pnt_age
McCune_24,McCune/Rick/rick23,McCune-Rick-rick23,700.0625,McCune/rick23,McCune,McCune/Rick,rick23,1;11.0,NA,merge_pnt_age
McCune_18,McCune/Alice/alice17,McCune-Alice-alice17,517.4375,McCune/alice17,McCune,McCune/Alice,alice17,1;5.0,NA,merge_pnt_age
McCune_18,McCune/Jase/jase17,McCune-Jase-jase17,517.4375,McCune/jase17,McCune,McCune/Jase,jase17,1;5.0,NA,merge_pnt_age
McCune_18,McCune/Rick/rick17,McCune-Rick-rick17,517.4375,McCune/rick17,McCune,McCune/Rick,rick17,1;5.0,NA,merge_pnt_age
McCune_18,McCune/Alice/alice18,McCune-Alice-alice18,547.875,McCune/alice18,McCune,McCune/Alice,alice18,1;6.0,NA,merge_pnt_age
McCune_18,McCune/Jase/jase18,McCune-Jase-jase18,547.875,McCune/jase18,McCune,McCune/Jase,jase18,1;6.0,NA,merge_pnt_age
McCune_18,McCune/Laura/laura18,McCune-Laura-laura18,547.875,McCune/laura18,McCune,McCune/Laura,laura18,1;6.0,NA,merge_pnt_age
McCune_18,McCune/Rick/rick18,McCune-Rick-rick18,547.875,McCune/rick18,McCune,McCune/Rick,rick18,1;6.0,NA,merge_pnt_age
McCune_18,McCune/Alice/alice19,McCune-Alice-alice19,578.3125,McCune/alice19,McCune,McCune/Alice,alice19,1;7.0,NA,merge_pnt_age
McCune_18,McCune/Jase/jase19,McCune-Jase-jase19,578.3125,McCune/jase19,McCune,McCune/Jase,jase19,1;7.0,NA,merge_pnt_age
McCune_18,McCune/Laura/laura19,McCune-Laura-laura19,578.3125,McCune/laura19,McCune,McCune/Laura,laura19,1;7.0,NA,merge_pnt_age
McCune_18,McCune/Rick/rick19,McCune-Rick-rick19,578.3125,McCune/rick19,McCune,McCune/Rick,rick19,1;7.0,NA,merge_pnt_age
McCune_20,McCune/Alice/alice20,McCune-Alice-alice20,608.75,McCune/alice20,McCune,McCune/Alice,alice20,1;8.0,NA,merge_pnt_age
McCune_20,McCune/Jase/jase20,McCune-Jase-jase20,608.75,McCune/jase20,McCune,McCune/Jase,jase20,1;8.0,NA,merge_pnt_age
McCune_20,McCune/Laura/laura20,McCune-Laura-laura20,608.75,McCune/laura20,McCune,McCune/Laura,laura20,1;8.0,NA,merge_pnt_age
McCune_20,McCune/Alice/alice21,McCune-Alice-alice21,639.1875,McCune/alice21,McCune,McCune/Alice,alice21,1;9.0,NA,merge_pnt_age
McCune_20,McCune/Jase/jase21,McCune-Jase-jase21,639.1875,McCune/jase21,McCune,McCune/Jase,jase21,1;9.0,NA,merge_pnt_age
McCune_20,McCune/Laura/laura21,McCune-Laura-laura21,639.1875,McCune/laura21,McCune,McCune/Laura,laura21,1;9.0,NA,merge_pnt_age
McCune_20,McCune/Rick/rick21,McCune-Rick-rick21,639.1875,McCune/rick21,McCune,McCune/Rick,rick21,1;9.0,NA,merge_pnt_age
McCune_24,McCune/Alice/alice24,McCune-Alice-alice24,730.5,McCune/alice24,McCune,McCune/Alice,alice24,2;0.0,NA,merge_pnt_age
McCune_24,McCune/Jase/jase24,McCune-Jase-jase24,730.5,McCune/jase24,McCune,McCune/Jase,jase24,2;0.0,NA,merge_pnt_age
McCune_24,McCune/Laura/laura24,McCune-Laura-laura24,730.5,McCune/laura24,McCune,McCune/Laura,laura24,2;0.0,NA,merge_pnt_age
McCune_24,McCune/Rick/rick24,McCune-Rick-rick24,730.5,McCune/rick24,McCune,McCune/Rick,rick24,2;0.0,NA,merge_pnt_age
Providence_Ethan,Providence/Ethan/eth01,Providence-Ethan-eth01,338.8125,Providence/eth01,Providence,Providence/Ethan,eth01,0;11.4,NA,merge_pnt_age
Providence_Ethan,Providence/Ethan/eth02,Providence-Ethan-eth02,355.8125,Providence/eth02,Providence,Providence/Ethan,eth02,0;11.21,NA,merge_pnt_age
Providence_Ethan,Providence/Ethan/eth04,Providence-Ethan-eth04,386.25,Providence/eth04,Providence,Providence/Ethan,eth04,1;0.21,NA,merge_pnt_age
Providence_Ethan,Providence/Ethan/eth17,Providence-Ethan-eth17,578.3125,Providence/eth17,Providence,Providence/Ethan,eth17,1;7.0,NA,merge_pnt_age
Providence_Ethan,Providence/Ethan/eth21,Providence-Ethan-eth21,628.75,Providence/eth21,Providence,Providence/Ethan,eth21,1;8.20,NA,merge_pnt_age
Providence_Ethan,Providence/Ethan/eth24,Providence-Ethan-eth24,665.1875,Providence/eth24,Providence,Providence/Ethan,eth24,1;9.26,NA,merge_pnt_age
Providence_Ethan,Providence/Ethan/eth25,Providence-Ethan-eth25,680.625,Providence/eth25,Providence,Providence/Ethan,eth25,1;10.11,NA,merge_pnt_age
Providence_Ethan,Providence/Ethan/eth27,Providence-Ethan-eth27,710.0625,Providence/eth27,Providence,Providence/Ethan,eth27,1;11.10,NA,merge_pnt_age
Providence_Ethan,Providence/Ethan/eth30,Providence-Ethan-eth30,755.5,Providence/eth30,Providence,Providence/Ethan,eth30,2;0.25,NA,merge_pnt_age
Providence_Ethan,Providence/Ethan/eth31,Providence-Ethan-eth31,782.9375,Providence/eth31,Providence,Providence/Ethan,eth31,2;1.22,NA,merge_pnt_age
Providence_Ethan,Providence/Ethan/eth32,Providence-Ethan-eth32,799.375,Providence/eth32,Providence,Providence/Ethan,eth32,2;2.8,NA,merge_pnt_age
Providence_Ethan,Providence/Ethan/eth33,Providence-Ethan-eth33,813.375,Providence/eth33,Providence,Providence/Ethan,eth33,2;2.22,NA,merge_pnt_age
Providence_Ethan,Providence/Ethan/eth36,Providence-Ethan-eth36,871.25,Providence/eth36,Providence,Providence/Ethan,eth36,2;4.19,NA,merge_pnt_age
Providence_Ethan,Providence/Ethan/eth38,Providence-Ethan-eth38,897.6875,Providence/eth38,Providence,Providence/Ethan,eth38,2;5.15,NA,merge_pnt_age
Providence_Ethan,Providence/Ethan/eth41,Providence-Ethan-eth41,937.125,Providence/eth41,Providence,Providence/Ethan,eth41,2;6.24,NA,merge_pnt_age
Providence_Ethan,Providence/Ethan/eth43,Providence-Ethan-eth43,968.5625,Providence/eth43,Providence,Providence/Ethan,eth43,2;7.25,NA,merge_pnt_age
Providence_Ethan,Providence/Ethan/eth44,Providence-Ethan-eth44,984,Providence/eth44,Providence,Providence/Ethan,eth44,2;8.10,NA,merge_pnt_age
Providence_Ethan,Providence/Ethan/eth45,Providence-Ethan-eth45,1004.4375,Providence/eth45,Providence,Providence/Ethan,eth45,2;9.0,NA,merge_pnt_age
Providence_Ethan,Providence/Ethan/eth48,Providence-Ethan-eth48,1039.875,Providence/eth48,Providence,Providence/Ethan,eth48,2;10.5,NA,merge_pnt_age
Providence_Ethan,Providence/Ethan/eth49,Providence-Ethan-eth49,1052.875,Providence/eth49,Providence,Providence/Ethan,eth49,2;10.18,NA,merge_pnt_age
Providence_Ethan,Providence/Ethan/eth50,Providence-Ethan-eth50,1066.3125,Providence/eth50,Providence,Providence/Ethan,eth50,2;11.1,NA,merge_pnt_age
Providence_Lily,Providence/Lily/lil01,Providence-Lily-lil01,397.6875,Providence/lil01,Providence,Providence/Lily,lil01,1;1.2,NA,merge_pnt_age
Providence_Lily,Providence/Lily/lil07,Providence-Lily-lil07,482.5625,Providence/lil07,Providence,Providence/Lily,lil07,1;3.26,NA,merge_pnt_age
Providence_Lily,Providence/Lily/lil08,Providence-Lily-lil08,494,Providence/lil08,Providence,Providence/Lily,lil08,1;4.07,yes,merge_pnt_age
Providence_Lily,Providence/Lily/lil09,Providence-Lily-lil09,510,Providence/lil09,Providence,Providence/Lily,lil09,1;4.23,NA,merge_pnt_age
Providence_Lily,Providence/Lily/lil13,Providence-Lily-lil13,565.875,Providence/lil13,Providence,Providence/Lily,lil13,1;6.18,NA,merge_pnt_age
Providence_Lily,Providence/Lily/lil30,Providence-Lily-lil30,775.9375,Providence/lil30,Providence,Providence/Lily,lil30,2;1.15,NA,merge_pnt_age
Providence_Lily,Providence/Lily/lil35,Providence-Lily-lil35,818.375,Providence/lil35,Providence,Providence/Lily,lil35,2;2.27,NA,merge_pnt_age
Providence_Lily,Providence/Lily/lil44,Providence-Lily-lil44,900.6875,Providence/lil44,Providence,Providence/Lily,lil44,2;5.18,NA,merge_pnt_age
Providence_Lily,Providence/Lily/lil48,Providence-Lily-lil48,931.125,Providence/lil48,Providence,Providence/Lily,lil48,2;6.18,NA,merge_pnt_age
Providence_Lily,Providence/Lily/lil53,Providence-Lily-lil53,971.5625,Providence/lil53,Providence,Providence/Lily,lil53,2;7.28,NA,merge_pnt_age
Providence_Lily,Providence/Lily/lil58,Providence-Lily-lil58,1013.4375,Providence/lil58,Providence,Providence/Lily,lil58,2;9.9,NA,merge_pnt_age
Providence_Lily,Providence/Lily/lil59,Providence-Lily-lil59,1022.4375,Providence/lil59,Providence,Providence/Lily,lil59,2;9.18,NA,merge_pnt_age
Providence_Naima,Providence/Naima/nai02,Providence-Naima-nai02,379.25,Providence/nai02,Providence,Providence/Naima,nai02,1;0.14,NA,merge_pnt_age
Providence_Naima,Providence/Naima/nai04,Providence-Naima-nai04,406.6875,Providence/nai04,Providence,Providence/Naima,nai04,1;1.11,NA,merge_pnt_age
Providence_Naima,Providence/Naima/nai05,Providence-Naima-nai05,419.6875,Providence/nai05,Providence,Providence/Naima,nai05,1;1.24,NA,merge_pnt_age
Providence_Naima,Providence/Naima/nai19,Providence-Naima-nai19,556.875,Providence/nai19,Providence,Providence/Naima,nai19,1;6.9,NA,merge_pnt_age
Providence_Naima,Providence/Naima/nai23,Providence-Naima-nai23,595.3125,Providence/nai23,Providence,Providence/Naima,nai23,1;7.17,NA,merge_pnt_age
Providence_Naima,Providence/Naima/nai25,Providence-Naima-nai25,609.75,Providence/nai25,Providence,Providence/Naima,nai25,1;8.1,NA,merge_pnt_age
Providence_Naima,Providence/Naima/nai26,Providence-Naima-nai26,616.75,Providence/nai26,Providence,Providence/Naima,nai26,1;8.8,NA,merge_pnt_age
Providence_Naima,Providence/Naima/nai27,Providence-Naima-nai27,626.75,Providence/nai27,Providence,Providence/Naima,nai27,1;8.18,NA,merge_pnt_age
Providence_Naima,Providence/Naima/nai28,Providence-Naima-nai28,629.75,Providence/nai28,Providence,Providence/Naima,nai28,1;8.21,NA,merge_pnt_age
Providence_Naima,Providence/Naima/nai30,Providence-Naima-nai30,654.1875,Providence/nai30,Providence,Providence/Naima,nai30,1;9.15,NA,merge_pnt_age
Providence_Naima,Providence/Naima/nai32,Providence-Naima-nai32,664.1875,Providence/nai32,Providence,Providence/Naima,nai32,1;9.25,NA,merge_pnt_age
Providence_Naima,Providence/Naima/nai34,Providence-Naima-nai34,681.625,Providence/nai34,Providence,Providence/Naima,nai34,1;10.12,NA,merge_pnt_age
Providence_Naima,Providence/Naima/nai36,Providence-Naima-nai36,696.625,Providence/nai36,Providence,Providence/Naima,nai36,1;10.27,NA,merge_pnt_age
Providence_Naima,Providence/Naima/nai37,Providence-Naima-nai37,707.0625,Providence/nai37,Providence,Providence/Naima,nai37,1;11.7,NA,merge_pnt_age
Providence_Naima,Providence/Naima/nai40,Providence-Naima-nai40,726.0625,Providence/nai40,Providence,Providence/Naima,nai40,1;11.26,NA,merge_pnt_age
Providence_Naima,Providence/Naima/nai43,Providence-Naima-nai43,747.5,Providence/nai43,Providence,Providence/Naima,nai43,2;0.17,NA,merge_pnt_age
Providence_Naima,Providence/Naima/nai45,Providence-Naima-nai45,770.9375,Providence/nai45,Providence,Providence/Naima,nai45,2;1.10,NA,merge_pnt_age
Providence_Naima,Providence/Naima/nai46,Providence-Naima-nai46,776.9375,Providence/nai46,Providence,Providence/Naima,nai46,2;1.16,NA,merge_pnt_age
Providence_Naima,Providence/Naima/nai56,Providence-Naima-nai56,876.25,Providence/nai56,Providence,Providence/Naima,nai56,2;4.24,NA,merge_pnt_age
Providence_Naima,Providence/Naima/nai60,Providence-Naima-nai60,909.6875,Providence/nai60,Providence,Providence/Naima,nai60,2;5.27,NA,merge_pnt_age
Providence_Naima,Providence/Naima/nai61,Providence-Naima-nai61,924.125,Providence/nai61,Providence,Providence/Naima,nai61,2;6.11,NA,merge_pnt_age
Providence_Naima,Providence/Naima/nai62,Providence-Naima-nai62,938.125,Providence/nai62,Providence,Providence/Naima,nai62,2;6.25,NA,merge_pnt_age
Providence_Naima,Providence/Naima/nai63,Providence-Naima-nai63,946.5625,Providence/nai63,Providence,Providence/Naima,nai63,2;7.3,NA,merge_pnt_age
Providence_Naima,Providence/Naima/nai64,Providence-Naima-nai64,956.5625,Providence/nai64,Providence,Providence/Naima,nai64,2;7.13,NA,merge_pnt_age
Providence_Naima,Providence/Naima/nai65,Providence-Naima-nai65,963.5625,Providence/nai65,Providence,Providence/Naima,nai65,2;7.20,NA,merge_pnt_age
Providence_Naima,Providence/Naima/nai66,Providence-Naima-nai66,970.5625,Providence/nai66,Providence,Providence/Naima,nai66,2;7.27,NA,merge_pnt_age
Providence_Naima,Providence/Naima/nai71,Providence-Naima-nai71,1027.4375,Providence/nai71,Providence,Providence/Naima,nai71,2;9.23,NA,merge_pnt_age
Providence_Naima,Providence/Naima/nai73a,Providence-Naima-nai73a,1042.875,Providence/nai73a,Providence,Providence/Naima,nai73a,2;10.8,NA,merge_pnt_age
Providence_Naima,Providence/Naima/nai73b,Providence-Naima-nai73b,1042.875,Providence/nai73b,Providence,Providence/Naima,nai73b,2;10.8,NA,merge_pnt_age
Providence_Naima,Providence/Naima/nai75,Providence-Naima-nai75,1061.875,Providence/nai75,Providence,Providence/Naima,nai75,2;10.27,NA,merge_pnt_age
Providence_Violet,Providence/Violet/vio04,Providence-Violet-vio04,482.5625,Providence/vio04,Providence,Providence/Violet,vio04,1;3.26,NA,merge_pnt_age
Providence_Violet,Providence/Violet/vio05,Providence-Violet-vio05,494,Providence/vio05,Providence,Providence/Violet,vio05,1;4.7,NA,merge_pnt_age
Providence_Violet,Providence/Violet/vio06,Providence-Violet-vio06,507,Providence/vio06,Providence,Providence/Violet,vio06,1;4.20,NA,merge_pnt_age
Providence_Violet,Providence/Violet/vio10,Providence-Violet-vio10,565.875,Providence/vio10,Providence,Providence/Violet,vio10,1;6.18,NA,merge_pnt_age
Providence_Violet,Providence/Violet/vio11,Providence-Violet-vio11,582.3125,Providence/vio11,Providence,Providence/Violet,vio11,1;7.4,NA,merge_pnt_age
Providence_Violet,Providence/Violet/vio22,Providence-Violet-vio22,757.5,Providence/vio22,Providence,Providence/Violet,vio22,2;0.27,NA,merge_pnt_age
Providence_Violet,Providence/Violet/vio23,Providence-Violet-vio23,770.9375,Providence/vio23,Providence,Providence/Violet,vio23,2;1.10,NA,merge_pnt_age
Providence_Violet,Providence/Violet/vio33,Providence-Violet-vio33,909.6875,Providence/vio33,Providence,Providence/Violet,vio33,2;5.27,NA,merge_pnt_age
Providence_Violet,Providence/William/wil02,Providence-William-wil02,514,Providence/wil02,Providence,Providence/William,wil02,1;4.27,NA,merge_pnt_age
Providence_Violet,Providence/William/wil06,Providence-William-wil06,596.3125,Providence/wil06,Providence,Providence/William,wil06,1;7.18,NA,merge_pnt_age
Providence_Violet,Providence/William/wil17,Providence-William-wil17,769.9375,Providence/wil17,Providence,Providence/William,wil17,2;1.9,NA,merge_pnt_age
Rollins_06,Rollins/cb06,Rollins-cb06,182.625,Rollins/cb06,Rollins,Rollins,cb06,0;6.0,NA,merge_age
Rollins_06,Rollins/cy06,Rollins-cy06,182.625,Rollins/cy06,Rollins,Rollins,cy06,0;6.0,NA,merge_age
Rollins_06,Rollins/ds06,Rollins-ds06,182.625,Rollins/ds06,Rollins,Rollins,ds06,0;6.0,NA,merge_age
Rollins_06,Rollins/hc06,Rollins-hc06,182.625,Rollins/hc06,Rollins,Rollins,hc06,0;6.0,NA,merge_age
Rollins_06,Rollins/im06,Rollins-im06,182.625,Rollins/im06,Rollins,Rollins,im06,0;6.0,NA,merge_age
Rollins_06,Rollins/jw06,Rollins-jw06,182.625,Rollins/jw06,Rollins,Rollins,jw06,0;6.0,NA,merge_age
Rollins_06,Rollins/me06,Rollins-me06,182.625,Rollins/me06,Rollins,Rollins,me06,0;6.0,NA,merge_age
Rollins_06,Rollins/nb06,Rollins-nb06,182.625,Rollins/nb06,Rollins,Rollins,nb06,0;6.0,NA,merge_age
Rollins_06,Rollins/sx06,Rollins-sx06,182.625,Rollins/sx06,Rollins,Rollins,sx06,0;6.0,NA,merge_age
Rollins_06,Rollins/te06,Rollins-te06,182.625,Rollins/te06,Rollins,Rollins,te06,0;6.0,NA,merge_age
Rollins_09,Rollins/cb09,Rollins-cb09,273.9375,Rollins/cb09,Rollins,Rollins,cb09,0;9.0,NA,merge_age
Rollins_09,Rollins/cc09,Rollins-cc09,273.9375,Rollins/cc09,Rollins,Rollins,cc09,0;9.0,NA,merge_age
Rollins_09,Rollins/cy09,Rollins-cy09,273.9375,Rollins/cy09,Rollins,Rollins,cy09,0;9.0,NA,merge_age
Rollins_09,Rollins/di09,Rollins-di09,273.9375,Rollins/di09,Rollins,Rollins,di09,0;9.0,NA,merge_age
Rollins_09,Rollins/ds09,Rollins-ds09,273.9375,Rollins/ds09,Rollins,Rollins,ds09,0;9.0,NA,merge_age
Rollins_09,Rollins/gb09,Rollins-gb09,273.9375,Rollins/gb09,Rollins,Rollins,gb09,0;9.0,NA,merge_age
Rollins_09,Rollins/hc09,Rollins-hc09,273.9375,Rollins/hc09,Rollins,Rollins,hc09,0;9.0,NA,merge_age
Rollins_09,Rollins/hp09,Rollins-hp09,273.9375,Rollins/hp09,Rollins,Rollins,hp09,0;9.0,NA,merge_age
Rollins_09,Rollins/im09,Rollins-im09,273.9375,Rollins/im09,Rollins,Rollins,im09,0;9.0,NA,merge_age
Rollins_09,Rollins/jp09,Rollins-jp09,273.9375,Rollins/jp09,Rollins,Rollins,jp09,0;9.0,NA,merge_age
Rollins_09,Rollins/jw09,Rollins-jw09,273.9375,Rollins/jw09,Rollins,Rollins,jw09,0;9.0,NA,merge_age
Rollins_09,Rollins/ma09,Rollins-ma09,273.9375,Rollins/ma09,Rollins,Rollins,ma09,0;9.0,NA,merge_age
Rollins_09,Rollins/me09,Rollins-me09,273.9375,Rollins/me09,Rollins,Rollins,me09,0;9.0,NA,merge_age
Rollins_09,Rollins/nb09,Rollins-nb09,273.9375,Rollins/nb09,Rollins,Rollins,nb09,0;9.0,NA,merge_age
Rollins_09,Rollins/st09,Rollins-st09,273.9375,Rollins/st09,Rollins,Rollins,st09,0;9.0,NA,merge_age
Rollins_09,Rollins/sx09,Rollins-sx09,273.9375,Rollins/sx09,Rollins,Rollins,sx09,0;9.0,NA,merge_age
Rollins_09,Rollins/te09,Rollins-te09,273.9375,Rollins/te09,Rollins,Rollins,te09,0;9.0,NA,merge_age
Rollins_09,Rollins/zm09,Rollins-zm09,273.9375,Rollins/zm09,Rollins,Rollins,zm09,0;9.0,NA,merge_age
Rollins_12,Rollins/al12,Rollins-al12,365.25,Rollins/al12,Rollins,Rollins,al12,1;0.0,NA,merge_age
Rollins_12,Rollins/cb12,Rollins-cb12,365.25,Rollins/cb12,Rollins,Rollins,cb12,1;0.0,NA,merge_age
Rollins_12,Rollins/cc12,Rollins-cc12,365.25,Rollins/cc12,Rollins,Rollins,cc12,1;0.0,NA,merge_age
Rollins_12,Rollins/ck12,Rollins-ck12,365.25,Rollins/ck12,Rollins,Rollins,ck12,1;0.0,NA,merge_age
Rollins_12,Rollins/cm12,Rollins-cm12,365.25,Rollins/cm12,Rollins,Rollins,cm12,1;0.0,NA,merge_age
Rollins_12,Rollins/cr12,Rollins-cr12,365.25,Rollins/cr12,Rollins,Rollins,cr12,1;0.0,NA,merge_age
Rollins_12,Rollins/cy12,Rollins-cy12,365.25,Rollins/cy12,Rollins,Rollins,cy12,1;0.0,NA,merge_age
Rollins_12,Rollins/di12,Rollins-di12,365.25,Rollins/di12,Rollins,Rollins,di12,1;0.0,NA,merge_age
Rollins_12,Rollins/ds12,Rollins-ds12,365.25,Rollins/ds12,Rollins,Rollins,ds12,1;0.0,NA,merge_age
Rollins_12,Rollins/hc12,Rollins-hc12,365.25,Rollins/hc12,Rollins,Rollins,hc12,1;0.0,NA,merge_age
Rollins_12,Rollins/hp12,Rollins-hp12,365.25,Rollins/hp12,Rollins,Rollins,hp12,1;0.0,NA,merge_age
Rollins_12,Rollins/im12,Rollins-im12,365.25,Rollins/im12,Rollins,Rollins,im12,1;0.0,NA,merge_age
Rollins_12,Rollins/jp12,Rollins-jp12,365.25,Rollins/jp12,Rollins,Rollins,jp12,1;0.0,NA,merge_age
Rollins_12,Rollins/jw12a,Rollins-jw12a,365.25,Rollins/jw12a,Rollins,Rollins,jw12a,1;0.0,NA,merge_age
Rollins_12,Rollins/ma12,Rollins-ma12,365.25,Rollins/ma12,Rollins,Rollins,ma12,1;0.0,NA,merge_age
Rollins_12,Rollins/me12,Rollins-me12,365.25,Rollins/me12,Rollins,Rollins,me12,1;0.0,NA,merge_age
Rollins_12,Rollins/nb12,Rollins-nb12,365.25,Rollins/nb12,Rollins,Rollins,nb12,1;0.0,NA,merge_age
Rollins_12,Rollins/st12,Rollins-st12,365.25,Rollins/st12,Rollins,Rollins,st12,1;0.0,NA,merge_age
Rollins_12,Rollins/te12,Rollins-te12,365.25,Rollins/te12,Rollins,Rollins,te12,1;0.0,NA,merge_age
Rollins_12,Rollins/tt12,Rollins-tt12,365.25,Rollins/tt12,Rollins,Rollins,tt12,1;0.0,NA,merge_age
Rollins_12,Rollins/zm12,Rollins-zm12,365.25,Rollins/zm12,Rollins,Rollins,zm12,1;0.0,NA,merge_age
Soderstrom_the,Soderstrom/The/the01b,Soderstrom-The-the01b,197.625,Soderstrom/the01b,Soderstrom,Soderstrom/The,the01b,0;6.15,NA,single_child
Soderstrom_the,Soderstrom/The/the02b,Soderstrom-The-the02b,205.625,Soderstrom/the02b,Soderstrom,Soderstrom/The,the02b,0;6.23,NA,single_child
Soderstrom_the,Soderstrom/The/the03b,Soderstrom-The-the03b,211.625,Soderstrom/the03b,Soderstrom,Soderstrom/The,the03b,0;6.29,NA,single_child
Soderstrom_the,Soderstrom/The/the03c,Soderstrom-The-the03c,211.625,Soderstrom/the03c,Soderstrom,Soderstrom/The,the03c,0;6.29,NA,single_child
Soderstrom_the,Soderstrom/The/the04b,Soderstrom-The-the04b,221.0625,Soderstrom/the04b,Soderstrom,Soderstrom/The,the04b,0;7.08,NA,single_child
Soderstrom_the,Soderstrom/The/the06b,Soderstrom-The-the06b,232.0625,Soderstrom/the06b,Soderstrom,Soderstrom/The,the06b,0;7.19,NA,single_child
Soderstrom_the,Soderstrom/The/the06c,Soderstrom-The-the06c,232.0625,Soderstrom/the06c,Soderstrom,Soderstrom/The,the06c,0;7.19,NA,single_child
Soderstrom_the,Soderstrom/The/the06d,Soderstrom-The-the06d,232.0625,Soderstrom/the06d,Soderstrom,Soderstrom/The,the06d,0;7.19,NA,single_child
Soderstrom_the,Soderstrom/The/the07d,Soderstrom-The-the07d,239.0625,Soderstrom/the07d,Soderstrom,Soderstrom/The,the07d,0;7.26,NA,single_child
Soderstrom_the,Soderstrom/The/the08a,Soderstrom-The-the08a,248.5,Soderstrom/the08a,Soderstrom,Soderstrom/The,the08a,0;8.05,NA,single_child
Soderstrom_the,Soderstrom/The/the08b,Soderstrom-The-the08b,248.5,Soderstrom/the08b,Soderstrom,Soderstrom/The,the08b,0;8.05,NA,single_child
Soderstrom_the,Soderstrom/The/the08c,Soderstrom-The-the08c,248.5,Soderstrom/the08c,Soderstrom,Soderstrom/The,the08c,0;8.05,NA,single_child
Soderstrom_the,Soderstrom/The/the09b,Soderstrom-The-the09b,252.5,Soderstrom/the09b,Soderstrom,Soderstrom/The,the09b,0;8.09,NA,single_child
Soderstrom_the,Soderstrom/The/the10a,Soderstrom-The-the10a,261.5,Soderstrom/the10a,Soderstrom,Soderstrom/The,the10a,0;8.18,NA,single_child
Soderstrom_the,Soderstrom/The/the11a,Soderstrom-The-the11a,266.5,Soderstrom/the11a,Soderstrom,Soderstrom/The,the11a,0;8.23,NA,single_child
Soderstrom_the,Soderstrom/The/the11b,Soderstrom-The-the11b,266.5,Soderstrom/the11b,Soderstrom,Soderstrom/The,the11b,0;8.23,NA,single_child
Soderstrom_the,Soderstrom/The/the11c,Soderstrom-The-the11c,266.5,Soderstrom/the11c,Soderstrom,Soderstrom/The,the11c,0;8.23,NA,single_child
Soderstrom_the,Soderstrom/The/the11d,Soderstrom-The-the11d,266.5,Soderstrom/the11d,Soderstrom,Soderstrom/The,the11d,0;8.23,NA,single_child
Soderstrom_the,Soderstrom/The/the12,Soderstrom-The-the12,273.9375,Soderstrom/the12,Soderstrom,Soderstrom/The,the12,0;9.00,NA,single_child
Soderstrom_the,Soderstrom/The/the13a,Soderstrom-The-the13a,282.9375,Soderstrom/the13a,Soderstrom,Soderstrom/The,the13a,0;9.09,NA,single_child
Soderstrom_the,Soderstrom/The/the14a,Soderstrom-The-the14a,288.9375,Soderstrom/the14a,Soderstrom,Soderstrom/The,the14a,0;9.15,NA,single_child
Soderstrom_the,Soderstrom/The/the14d,Soderstrom-The-the14d,288.9375,Soderstrom/the14d,Soderstrom,Soderstrom/The,the14d,0;9.15,NA,single_child
Soderstrom_the,Soderstrom/The/the15a,Soderstrom-The-the15a,315.375,Soderstrom/the15a,Soderstrom,Soderstrom/The,the15a,0;10.11,NA,single_child
Soderstrom_the,Soderstrom/The/the15b,Soderstrom-The-the15b,315.375,Soderstrom/the15b,Soderstrom,Soderstrom/The,the15b,0;10.11,NA,single_child
Soderstrom_the,Soderstrom/The/the15c,Soderstrom-The-the15c,315.375,Soderstrom/the15c,Soderstrom,Soderstrom/The,the15c,0;10.11,NA,single_child
Soderstrom_the,Soderstrom/The/the16,Soderstrom-The-the16,382.25,Soderstrom/the16,Soderstrom,Soderstrom/The,the16,1;0.17,NA,single_child
Soderstrom_the,Soderstrom/The/the17a,Soderstrom-The-the17a,393.25,Soderstrom/the17a,Soderstrom,Soderstrom/The,the17a,1;0.28,NA,single_child
Suppes_nina,Suppes/nina01,Suppes-nina01,716.0625,Suppes/nina01,Suppes,Suppes,nina01,1;11.16,NA,single_child
Suppes_nina,Suppes/nina02,Suppes-nina02,724.0625,Suppes/nina02,Suppes,Suppes,nina02,1;11.24,NA,single_child
Suppes_nina,Suppes/nina03,Suppes-nina03,729.0625,Suppes/nina03,Suppes,Suppes,nina03,1;11.29,NA,single_child
Suppes_nina,Suppes/nina04,Suppes-nina04,733.5,Suppes/nina04,Suppes,Suppes,nina04,2;0.03,NA,single_child
Suppes_nina,Suppes/nina07,Suppes-nina07,754.5,Suppes/nina07,Suppes,Suppes,nina07,2;0.24,NA,single_child
Suppes_nina,Suppes/nina11,Suppes-nina11,782.9375,Suppes/nina11,Suppes,Suppes,nina11,2;1.22,NA,single_child
Suppes_nina,Suppes/nina12,Suppes-nina12,789.9375,Suppes/nina12,Suppes,Suppes,nina12,2;1.29,NA,single_child
Suppes_nina,Suppes/nina13,Suppes-nina13,797.375,Suppes/nina13,Suppes,Suppes,nina13,2;2.06,NA,single_child
Suppes_nina,Suppes/nina14,Suppes-nina14,803.375,Suppes/nina14,Suppes,Suppes,nina14,2;2.12,NA,single_child
Suppes_nina,Suppes/nina15,Suppes-nina15,819.375,Suppes/nina15,Suppes,Suppes,nina15,2;2.28,NA,single_child
Suppes_nina,Suppes/nina16,Suppes-nina16,826.8125,Suppes/nina16,Suppes,Suppes,nina16,2;3.05,NA,single_child
Suppes_nina,Suppes/nina17,Suppes-nina17,835.8125,Suppes/nina17,Suppes,Suppes,nina17,2;3.14,NA,single_child
Suppes_nina,Suppes/nina18,Suppes-nina18,839.8125,Suppes/nina18,Suppes,Suppes,nina18,2;3.18,NA,single_child
Suppes_nina,Suppes/nina19,Suppes-nina19,849.8125,Suppes/nina19,Suppes,Suppes,nina19,2;3.28,NA,single_child
Suppes_nina,Suppes/nina21,Suppes-nina21,864.25,Suppes/nina21,Suppes,Suppes,nina21,2;4.12,NA,single_child
Suppes_nina,Suppes/nina23,Suppes-nina23,878.25,Suppes/nina23,Suppes,Suppes,nina23,2;4.26,NA,single_child
Suppes_nina,Suppes/nina27,Suppes-nina27,906.6875,Suppes/nina27,Suppes,Suppes,nina27,2;5.24,NA,single_child
Suppes_nina,Suppes/nina28,Suppes-nina28,907.6875,Suppes/nina28,Suppes,Suppes,nina28,2;5.25,NA,single_child
Suppes_nina,Suppes/nina29,Suppes-nina29,908.6875,Suppes/nina29,Suppes,Suppes,nina29,2;5.26,NA,single_child
Suppes_nina,Suppes/nina30,Suppes-nina30,909.6875,Suppes/nina30,Suppes,Suppes,nina30,2;5.27,NA,single_child
Suppes_nina,Suppes/nina31,Suppes-nina31,910.6875,Suppes/nina31,Suppes,Suppes,nina31,2;5.28,NA,single_child
Suppes_nina,Suppes/nina32,Suppes-nina32,1017.4375,Suppes/nina32,Suppes,Suppes,nina32,2;9.13,NA,single_child
Suppes_nina,Suppes/nina33,Suppes-nina33,1025.4375,Suppes/nina33,Suppes,Suppes,nina33,2;9.21,NA,single_child
Suppes_nina,Suppes/nina34,Suppes-nina34,1030.4375,Suppes/nina34,Suppes,Suppes,nina34,2;9.26,NA,single_child
Suppes_nina,Suppes/nina35,Suppes-nina35,1040.875,Suppes/nina35,Suppes,Suppes,nina35,2;10.06,NA,single_child
Suppes_nina,Suppes/nina36,Suppes-nina36,1047.875,Suppes/nina36,Suppes,Suppes,nina36,2;10.13,NA,single_child
Suppes_nina,Suppes/nina37,Suppes-nina37,1055.875,Suppes/nina37,Suppes,Suppes,nina37,2;10.21,NA,single_child
Suppes_nina,Suppes/nina38,Suppes-nina38,1062.875,Suppes/nina38,Suppes,Suppes,nina38,2;10.28,NA,single_child
Suppes_nina,Suppes/nina39,Suppes-nina39,1071.3125,Suppes/nina39,Suppes,Suppes,nina39,2;11.06,NA,single_child
Suppes_nina,Suppes/nina40,Suppes-nina40,1077.3125,Suppes/nina40,Suppes,Suppes,nina40,2;11.12,NA,single_child
Suppes_nina,Suppes/nina41,Suppes-nina41,1081.3125,Suppes/nina41,Suppes,Suppes,nina41,2;11.16,NA,single_child
Suppes_nina,Suppes/nina42,Suppes-nina42,1098.75,Suppes/nina42,Suppes,Suppes,nina42,3;0.03,NA,single_child
Suppes_nina,Suppes/nina43,Suppes-nina43,1105.75,Suppes/nina43,Suppes,Suppes,nina43,3;0.10,NA,single_child
Suppes_nina,Suppes/nina44,Suppes-nina44,1111.75,Suppes/nina44,Suppes,Suppes,nina44,3;0.16,NA,single_child
Suppes_nina,Suppes/nina45,Suppes-nina45,1119.75,Suppes/nina45,Suppes,Suppes,nina45,3;0.24,NA,single_child
Suppes_nina,Suppes/nina46,Suppes-nina46,1130.1875,Suppes/nina46,Suppes,Suppes,nina46,3;1.04,NA,single_child
